"time","passengers","distance","fare","payment_method","tip"
"2021-09-01T15:27:53.000000Z",1.0,0.93,5.5,"Cash",0.0
"2021-09-01T15:27:53.000000Z",2.0,0.66,6.5,"Cash",0.0
"2021-09-01T15:27:53.000000Z",1.0,1.2,8.5,"Card",1.85
"2021-09-01T15:27:54.000000Z",1.0,0.9,6.5,"Cash",0.0
"2021-09-01T15:27:54.000000Z",1.0,2.84,15.0,"Cash",0.0
"2021-09-01T15:27:54.000000Z",1.0,12.870000000000,52.0,"Cash",0.0
"2021-09-01T15:27:54.000000Z",1.0,2.300000000000,14.0,"Card",0.0
"2021-09-01T15:27:54.000000Z",1.0,1.1,8.0,"Cash",0.0
"2021-09-01T15:27:54.000000Z",5.0,9.870000000000,30.0,"Card",7.310000000000
"2021-09-01T15:27:54.000000Z",1.0,1.8,10.0,"Card",1.62
"2021-09-01T15:27:55.000000Z",1.0,1.62,9.0,"Card",1.0
"2021-09-01T15:27:55.000000Z",6.0,2.83,12.0,"Card",2.56
"2021-09-01T15:27:55.000000Z",2.0,0.6,4.5,"Cash",0.0
"2021-09-01T15:27:55.000000Z",2.0,0.72,6.0,"Card",1.36
"2021-09-01T15:27:55.000000Z",1.0,1.03,6.0,"Cash",0.0
"2021-09-01T15:27:55.000000Z",6.0,3.510000000000,20.0,"Card",4.16
"2021-09-01T15:27:55.000000Z",3.0,1.390000000000,6.0,"Card",0.0
"2021-09-01T15:27:55.000000Z",2.0,18.03,52.0,"Card",11.71
"2021-09-01T15:27:56.000000Z",1.0,0.3,5.0,"Card",1.45
"2021-09-01T15:27:56.000000Z",1.0,4.1,19.0,"Card",3.95
"2021-09-01T15:27:56.000000Z",1.0,0.33,4.0,"Card",0.96
"2021-09-01T15:27:56.000000Z",1.0,9.46,30.0,"Card",0.0
"2021-09-01T15:27:56.000000Z",1.0,11.55,35.0,"Card",8.31
"2021-09-01T15:27:56.000000Z",1.0,1.1,6.0,"Card",1.0
"2021-09-01T15:27:56.000000Z",1.0,1.09,10.0,"Card",2.7
"2021-09-01T15:27:56.000000Z",1.0,19.2,52.0,"Card",5.0
"2021-09-01T15:27:56.000000Z",2.0,1.6,9.0,"Card",1.95
"2021-09-01T15:27:56.000000Z",1.0,2.1,10.0,"Card",2.15
"2021-09-01T15:27:56.000000Z",1.0,2.4,13.5,"Cash",0.0
"2021-09-01T15:27:57.000000Z",1.0,1.0,6.5,"Card",2.0
"2021-09-01T15:27:57.000000Z",1.0,1.900000000000,11.0,"Card",0.0
"2021-09-01T15:27:57.000000Z",1.0,0.8,5.0,"Card",1.200000000000
"2021-09-01T15:27:57.000000Z",1.0,1.400000000000,8.0,"Card",1.75
"2021-09-01T15:27:57.000000Z",1.0,1.400000000000,8.5,"Card",1.86
"2021-09-01T15:27:58.000000Z",1.0,4.24,18.5,"Card",1.0
"2021-09-01T15:27:58.000000Z",2.0,11.950000000000,41.5,"Card",9.61
"2021-09-01T15:27:58.000000Z",1.0,1.0,6.0,"Cash",0.0
"2021-09-01T15:27:58.000000Z",1.0,1.0,9.5,"Card",2.0
"2021-09-01T15:27:59.000000Z",1.0,5.62,18.0,"Card",5.64
"2021-09-01T15:27:59.000000Z",5.0,0.79,7.5,"Card",1.3
"2021-09-01T15:27:59.000000Z",1.0,2.780000000000,15.5,"Card",1.75
"2021-09-01T15:27:59.000000Z",5.0,0.9,6.5,"Card",1.82
"2021-09-01T15:27:59.000000Z",1.0,1.1,7.5,"Cash",0.0
"2021-09-01T15:27:59.000000Z",1.0,5.08,23.5,"Card",6.08
"2021-09-01T15:27:59.000000Z",1.0,0.91,5.5,"Card",0.5
"2021-09-01T15:28:00.000000Z",2.0,0.8,5.5,"Card",1.0
"2021-09-01T15:28:00.000000Z",1.0,18.5,52.0,"Card",11.700000000000
"2021-09-01T15:28:00.000000Z",1.0,2.1,10.0,"Card",2.7
"2021-09-01T15:28:00.000000Z",1.0,0.6,5.5,"Card",1.26
"2021-09-01T15:28:00.000000Z",1.0,0.950000000000,6.0,"Cash",0.0
"2021-09-01T15:28:00.000000Z",1.0,0.8,7.0,"Cash",0.0
"2021-09-01T15:28:01.000000Z",2.0,0.85,5.0,"Cash",0.0
"2021-09-01T15:28:01.000000Z",1.0,1.0,8.0,"Card",1.75
"2021-09-01T15:28:01.000000Z",1.0,20.03,52.0,"Card",11.71
"2021-09-01T15:28:01.000000Z",1.0,10.07,35.0,"Card",10.39
"2021-09-01T15:28:01.000000Z",1.0,8.5,52.0,"Card",0.0
"2021-09-01T15:28:01.000000Z",1.0,4.7,19.5,"Cash",0.0
"2021-09-01T15:28:01.000000Z",1.0,1.1,6.5,"Cash",0.0
"2021-09-01T15:28:01.000000Z",1.0,11.15,34.5,"Card",0.0
"2021-09-01T15:28:01.000000Z",1.0,13.4,38.5,"Card",9.0
"2021-09-01T15:28:01.000000Z",6.0,1.04,6.0,"Card",1.0
"2021-09-01T15:28:01.000000Z",5.0,1.890000000000,8.5,"Card",1.86
"2021-09-01T15:28:01.000000Z",1.0,1.910000000000,11.0,"Cash",0.0
"2021-09-01T15:28:02.000000Z",1.0,2.760000000000,11.0,"Card",0.0
"2021-09-01T15:28:02.000000Z",1.0,1.1,7.5,"Card",2.0
"2021-09-01T15:28:02.000000Z",1.0,0.62,4.0,"Card",1.200000000000
"2021-09-01T15:28:02.000000Z",4.0,2.2,12.0,"Cash",0.0
"2021-09-01T15:28:02.000000Z",1.0,2.89,16.0,"Card",3.36
"2021-09-01T15:28:03.000000Z",2.0,0.64,5.0,"Card",1.0
"2021-09-01T15:28:03.000000Z",1.0,2.300000000000,13.0,"Card",3.45
"2021-09-01T15:28:03.000000Z",1.0,17.0,52.0,"Cash",0.0
"2021-09-01T15:28:04.000000Z",3.0,1.400000000000,8.5,"Cash",0.0
"2021-09-01T15:28:04.000000Z",1.0,12.5,42.0,"Card",9.71
"2021-09-01T15:28:04.000000Z",1.0,0.99,6.5,"Card",1.46
"2021-09-01T15:28:04.000000Z",3.0,0.48,4.0,"Cash",0.0
"2021-09-01T15:28:05.000000Z",1.0,0.3,4.0,"Card",0.950000000000
"2021-09-01T15:28:05.000000Z",1.0,0.6,5.0,"Cash",0.0
"2021-09-01T15:28:05.000000Z",1.0,1.52,10.5,"Card",1.0
"2021-09-01T15:28:05.000000Z",2.0,1.48,7.0,"Card",3.0
"2021-09-01T15:28:05.000000Z",1.0,0.21,3.0,"Cash",0.0
"2021-09-01T15:28:05.000000Z",1.0,3.25,14.0,"Card",2.96
"2021-09-01T15:28:05.000000Z",1.0,2.300000000000,13.0,"Cash",0.0
"2021-09-01T15:28:05.000000Z",1.0,0.99,6.5,"Card",1.46
"2021-09-01T15:28:05.000000Z",2.0,0.8,5.5,"Card",1.26
"2021-09-01T15:28:06.000000Z",1.0,0.4,6.0,"Card",1.35
"2021-09-01T15:28:06.000000Z",1.0,1.23,12.0,"Cash",0.0
"2021-09-01T15:28:06.000000Z",2.0,0.6,5.0,"Cash",0.0
"2021-09-01T15:28:06.000000Z",2.0,0.48,4.5,"Cash",0.0
"2021-09-01T15:28:06.000000Z",1.0,0.76,7.5,"Card",2.49
"2021-09-01T15:28:07.000000Z",6.0,5.66,23.5,"Card",6.08
"2021-09-01T15:28:07.000000Z",1.0,1.6,10.0,"Card",1.200000000000
"2021-09-01T15:28:07.000000Z",1.0,4.8,19.5,"Cash",0.0
"2021-09-01T15:28:07.000000Z",1.0,1.47,7.5,"Card",1.660000000000
"2021-09-01T15:28:07.000000Z",5.0,0.5,4.0,"Cash",0.0
"2021-09-01T15:28:07.000000Z",2.0,3.820000000000,16.0,"Card",3.36
"2021-09-01T15:28:07.000000Z",1.0,6.4,23.5,"Card",4.850000000000
"2021-09-01T15:28:08.000000Z",1.0,0.8,6.0,"Cash",0.0
"2021-09-01T15:28:08.000000Z",2.0,1.01,6.0,"Card",1.36
"2021-09-01T15:28:08.000000Z",1.0,1.12,10.5,"Card",5.0
"2021-09-01T15:28:08.000000Z",2.0,2.38,12.0,"Card",3.2
"2021-09-01T15:28:09.000000Z",2.0,7.3,28.0,"Card",5.76
"2021-09-01T15:28:09.000000Z",3.0,2.5,20.5,"Card",4.25
"2021-09-01T15:28:09.000000Z",1.0,1.880000000000,8.5,"Card",1.86
"2021-09-01T15:28:09.000000Z",1.0,0.84,6.0,"Card",1.36
"2021-09-01T15:28:09.000000Z",2.0,17.6,52.0,"Card",0.02
"2021-09-01T15:28:09.000000Z",1.0,2.6,14.5,"Card",3.800000000000
"2021-09-01T15:28:10.000000Z",1.0,4.33,23.5,"Card",0.0
"2021-09-01T15:28:10.000000Z",0.0,1.400000000000,9.0,"Card",1.47
"2021-09-01T15:28:10.000000Z",1.0,0.64,5.0,"Card",0.58
"2021-09-01T15:28:10.000000Z",1.0,1.24,8.0,"Card",0.0
"2021-09-01T15:28:10.000000Z",1.0,1.150000000000,6.5,"Cash",0.0
"2021-09-01T15:28:10.000000Z",1.0,4.2,22.5,"Card",2.0
"2021-09-01T15:28:10.000000Z",2.0,1.81,9.5,"Card",2.06
"2021-09-01T15:28:10.000000Z",2.0,4.600000000000,20.0,"Card",2.5
"2021-09-01T15:28:10.000000Z",1.0,1.400000000000,10.5,"Card",1.0
"2021-09-01T15:28:10.000000Z",1.0,1.400000000000,9.0,"Cash",0.0
"2021-09-01T15:28:11.000000Z",2.0,1.46,7.0,"Card",2.08
"2021-09-01T15:28:11.000000Z",3.0,10.120000000000,33.5,"Card",10.02
"2021-09-01T15:28:11.000000Z",1.0,0.950000000000,6.0,"Card",0.0
"2021-09-01T15:28:12.000000Z",1.0,0.07,8.0,"Card",0.0
"2021-09-01T15:28:12.000000Z",1.0,2.4,13.5,"Card",3.550000000000
"2021-09-01T15:28:12.000000Z",3.0,20.39,52.0,"Card",11.71
"2021-09-01T15:28:12.000000Z",1.0,0.700000000000,5.5,"Cash",0.0
"2021-09-01T15:28:12.000000Z",3.0,21.400000000000,52.0,"Card",11.71
"2021-09-01T15:28:12.000000Z",1.0,4.3,17.5,"Card",3.65
"2021-09-01T15:28:13.000000Z",1.0,0.31,4.0,"Card",0.96
"2021-09-01T15:28:13.000000Z",1.0,10.0,39.0,"Card",9.1
"2021-09-01T15:28:13.000000Z",5.0,1.46,9.0,"Cash",0.0
"2021-09-01T15:28:13.000000Z",1.0,1.19,7.0,"Card",1.56
"2021-09-01T15:28:13.000000Z",5.0,2.19,12.5,"Cash",0.0
"2021-09-01T15:28:13.000000Z",1.0,1.0,7.5,"Cash",0.0
"2021-09-01T15:28:13.000000Z",1.0,3.4,13.0,"Cash",0.0
"2021-09-01T15:28:14.000000Z",1.0,1.0,6.0,"Cash",0.0
"2021-09-01T15:28:14.000000Z",1.0,3.89,16.0,"Cash",0.0
"2021-09-01T15:28:14.000000Z",1.0,5.49,19.5,"Cash",0.0
"2021-09-01T15:28:14.000000Z",1.0,1.32,7.5,"Cash",0.0
"2021-09-01T15:28:14.000000Z",2.0,1.93,9.0,"Cash",0.0
"2021-09-01T15:28:14.000000Z",1.0,1.25,8.0,"Card",1.76
"2021-09-01T15:28:14.000000Z",1.0,0.38,3.5,"Card",0.86
"2021-09-01T15:28:14.000000Z",1.0,4.310000000000,16.5,"Card",4.61
"2021-09-01T15:28:14.000000Z",2.0,3.7,15.5,"Card",3.25
"2021-09-01T15:28:15.000000Z",1.0,1.5,9.5,"Card",2.05
"2021-09-01T15:28:15.000000Z",1.0,1.78,14.5,"Cash",0.0
"2021-09-01T15:28:15.000000Z",1.0,1.5,8.0,"Card",1.76
"2021-09-01T15:28:15.000000Z",2.0,3.94,17.5,"Card",1.5
"2021-09-01T15:28:15.000000Z",1.0,0.9,7.5,"Card",1.0
"2021-09-01T15:28:16.000000Z",1.0,2.1,10.0,"Card",1.62
"2021-09-01T15:28:16.000000Z",2.0,2.2,15.5,"Cash",0.0
"2021-09-01T15:28:16.000000Z",5.0,1.96,11.0,"Cash",0.0
"2021-09-01T15:28:16.000000Z",1.0,0.56,4.5,"Cash",0.0
"2021-09-01T15:28:16.000000Z",1.0,0.34,5.5,"Cash",0.0
"2021-09-01T15:28:17.000000Z",1.0,1.1,7.0,"Card",1.56
"2021-09-01T15:28:17.000000Z",1.0,2.6,17.0,"Card",3.550000000000
"2021-09-01T15:28:17.000000Z",1.0,2.4,12.5,"Card",2.65
"2021-09-01T15:28:17.000000Z",5.0,0.830000000000,6.0,"Cash",0.0
"2021-09-01T15:28:17.000000Z",1.0,3.4,17.5,"Cash",0.0
"2021-09-01T15:28:18.000000Z",1.0,3.300000000000,14.0,"Card",2.95
"2021-09-01T15:28:18.000000Z",1.0,2.46,15.0,"Cash",0.0
"2021-09-01T15:28:18.000000Z",6.0,3.85,16.5,"Cash",0.0
"2021-09-01T15:28:19.000000Z",1.0,0.8,6.5,"No Charge",0.0
"2021-09-01T15:28:19.000000Z",1.0,0.75,6.0,"Cash",0.0
"2021-09-01T15:28:19.000000Z",1.0,2.4,13.5,"Card",2.85
"2021-09-01T15:28:19.000000Z",1.0,1.0,6.5,"Card",1.8
"2021-09-01T15:28:19.000000Z",1.0,3.820000000000,13.5,"Cash",0.0
"2021-09-01T15:28:19.000000Z",1.0,1.8,10.5,"Card",2.800000000000
"2021-09-01T15:28:20.000000Z",1.0,3.35,18.0,"Cash",0.0
"2021-09-01T15:28:20.000000Z",1.0,2.5,11.0,"Card",0.0
"2021-09-01T15:28:20.000000Z",5.0,5.17,22.0,"Card",5.7
"2021-09-01T15:28:20.000000Z",3.0,1.18,6.5,"Card",1.0
"2021-09-01T15:28:20.000000Z",1.0,0.9,6.5,"Card",1.0
"2021-09-01T15:28:20.000000Z",3.0,2.300000000000,10.5,"Card",2.25
"2021-09-01T15:28:20.000000Z",1.0,3.5,18.5,"Card",3.85
"2021-09-01T15:28:20.000000Z",1.0,1.21,7.5,"Card",1.660000000000
"2021-09-01T15:28:20.000000Z",4.0,0.700000000000,5.0,"Card",0.0
"2021-09-01T15:28:21.000000Z",1.0,2.83,14.5,"Cash",0.0
"2021-09-01T15:28:21.000000Z",2.0,9.3,39.5,"Card",8.05
"2021-09-01T15:28:21.000000Z",1.0,0.8,6.5,"Card",1.45
"2021-09-01T15:28:21.000000Z",1.0,4.94,21.5,"Card",3.0
"2021-09-01T15:28:22.000000Z",1.0,0.3,4.0,"Cash",0.0
"2021-09-01T15:28:22.000000Z",1.0,0.6,5.0,"Card",1.16
"2021-09-01T15:28:23.000000Z",5.0,18.0,57.5,"Card",0.0
"2021-09-01T15:28:23.000000Z",1.0,0.93,6.0,"Card",1.02
"2021-09-01T15:28:23.000000Z",1.0,0.78,5.0,"Card",1.16
"2021-09-01T15:28:23.000000Z",1.0,1.16,7.0,"Card",1.56
"2021-09-01T15:28:23.000000Z",1.0,1.31,8.5,"Cash",0.0
"2021-09-01T15:28:24.000000Z",1.0,1.59,7.5,"Card",1.660000000000
"2021-09-01T15:28:24.000000Z",6.0,1.02,7.5,"Card",1.660000000000
"2021-09-01T15:28:24.000000Z",1.0,18.26,73.0,"Cash",0.0
"2021-09-01T15:28:24.000000Z",1.0,3.1,14.0,"Card",2.96
"2021-09-01T15:28:24.000000Z",2.0,0.1,52.0,"No Charge",0.0
"2021-09-01T15:28:25.000000Z",1.0,3.25,16.5,"Cash",0.0
"2021-09-01T15:28:25.000000Z",2.0,0.56,6.0,"Cash",0.0
"2021-09-01T15:28:25.000000Z",1.0,3.9,20.0,"Card",4.15
"2021-09-01T15:28:25.000000Z",1.0,0.97,6.5,"Card",1.200000000000
"2021-09-01T15:28:26.000000Z",5.0,0.78,8.0,"Card",1.0
"2021-09-01T15:28:26.000000Z",5.0,1.0,6.0,"Card",1.36
"2021-09-01T15:28:26.000000Z",3.0,1.900000000000,10.5,"Card",2.800000000000
"2021-09-01T15:28:26.000000Z",1.0,1.43,12.5,"Cash",0.0
"2021-09-01T15:28:26.000000Z",1.0,9.31,28.0,"Card",5.76
"2021-09-01T15:28:26.000000Z",1.0,2.66,12.5,"Card",2.66
"2021-09-01T15:28:26.000000Z",1.0,1.6,9.5,"Cash",0.0
"2021-09-01T15:28:27.000000Z",1.0,2.0,12.0,"Card",2.550000000000
"2021-09-01T15:28:27.000000Z",1.0,0.85,6.5,"Cash",0.0
"2021-09-01T15:28:27.000000Z",1.0,2.7,11.0,"Card",2.36
"2021-09-01T15:28:27.000000Z",3.0,0.9,6.0,"Card",1.35
"2021-09-01T15:28:27.000000Z",5.0,3.74,18.0,"Card",3.760000000000
"2021-09-01T15:28:28.000000Z",1.0,0.9,6.5,"Card",1.35
"2021-09-01T15:28:28.000000Z",1.0,0.9,8.0,"Cash",0.0
"2021-09-01T15:28:28.000000Z",1.0,2.5,11.5,"Card",2.45
"2021-09-01T15:28:28.000000Z",1.0,0.8,6.5,"Card",1.46
"2021-09-01T15:28:28.000000Z",2.0,5.9,22.5,"Card",0.0
"2021-09-01T15:28:28.000000Z",1.0,0.6,4.5,"Card",0.5
"2021-09-01T15:28:28.000000Z",1.0,0.62,6.5,"Cash",0.0
"2021-09-01T15:28:28.000000Z",1.0,7.100000000000,23.0,"Card",5.95
"2021-09-01T15:28:28.000000Z",1.0,9.200000000000,33.0,"Cash",0.0
"2021-09-01T15:28:29.000000Z",2.0,0.5,4.5,"Card",1.05
"2021-09-01T15:28:29.000000Z",1.0,3.6,16.0,"Card",0.0
"2021-09-01T15:28:29.000000Z",1.0,5.4,26.5,"Cash",0.0
"2021-09-01T15:28:29.000000Z",0.0,0.4,4.5,"Card",1.05
"2021-09-01T15:28:30.000000Z",1.0,1.7,11.0,"Card",2.35
"2021-09-01T15:28:30.000000Z",2.0,0.84,5.5,"Cash",0.0
"2021-09-01T15:28:30.000000Z",1.0,1.400000000000,8.0,"Cash",0.0
"2021-09-01T15:28:31.000000Z",2.0,3.95,17.5,"Cash",0.0
"2021-09-01T15:28:31.000000Z",1.0,1.59,10.5,"Card",2.260000000000
"2021-09-01T15:28:31.000000Z",1.0,1.0,7.0,"Card",1.55
"2021-09-01T15:28:32.000000Z",1.0,1.0,6.5,"Card",2.15
"2021-09-01T15:28:32.000000Z",1.0,0.9,7.0,"Cash",0.0
"2021-09-01T15:28:32.000000Z",1.0,1.05,10.5,"Cash",0.0
"2021-09-01T15:28:32.000000Z",1.0,1.2,7.0,"Card",1.56
"2021-09-01T15:28:32.000000Z",1.0,1.49,9.5,"Card",2.06
"2021-09-01T15:28:32.000000Z",1.0,1.400000000000,9.5,"Card",1.0
"2021-09-01T15:28:32.000000Z",2.0,5.36,18.0,"Card",4.7
"2021-09-01T15:28:33.000000Z",1.0,1.99,12.0,"Card",0.0
"2021-09-01T15:28:33.000000Z",1.0,2.08,10.0,"Card",3.54
"2021-09-01T15:28:33.000000Z",1.0,1.5,9.0,"Card",1.95
"2021-09-01T15:28:33.000000Z",1.0,1.31,9.0,"Card",1.0
"2021-09-01T15:28:33.000000Z",1.0,8.66,38.5,"Card",0.0
"2021-09-01T15:28:33.000000Z",1.0,2.2,13.0,"Card",1.0
"2021-09-01T15:28:33.000000Z",1.0,1.78,10.0,"Card",2.16
"2021-09-01T15:28:34.000000Z",1.0,4.5,17.5,"Card",4.55
"2021-09-01T15:28:34.000000Z",1.0,1.5,9.0,"Card",1.0
"2021-09-01T15:28:34.000000Z",2.0,2.09,12.0,"Card",2.56
"2021-09-01T15:28:34.000000Z",1.0,1.7,11.5,"Cash",0.0
"2021-09-01T15:28:34.000000Z",1.0,10.6,31.5,"Card",7.600000000000
"2021-09-01T15:28:34.000000Z",1.0,2.1,10.0,"Card",2.16
"2021-09-01T15:28:34.000000Z",5.0,0.820000000000,6.0,"Card",1.36
"2021-09-01T15:28:35.000000Z",1.0,1.46,9.5,"Card",2.06
"2021-09-01T15:28:35.000000Z",1.0,2.58,11.5,"Card",2.46
"2021-09-01T15:28:35.000000Z",1.0,0.91,10.5,"Card",3.39
"2021-09-01T15:28:35.000000Z",2.0,1.3,8.5,"Card",1.86
"2021-09-01T15:28:35.000000Z",2.0,1.12,6.5,"Card",0.0
"2021-09-01T15:28:35.000000Z",6.0,15.34,61.5,"Card",18.080000000000
"2021-09-01T15:28:35.000000Z",1.0,11.0,37.0,"Card",8.700000000000
"2021-09-01T15:28:35.000000Z",1.0,0.96,7.0,"Cash",0.0
"2021-09-01T15:28:36.000000Z",1.0,0.350000000000,4.5,"Cash",0.0
"2021-09-01T15:28:36.000000Z",1.0,2.4,11.5,"Card",2.45
"2021-09-01T15:28:36.000000Z",1.0,2.86,12.0,"Card",2.56
"2021-09-01T15:28:36.000000Z",1.0,1.1,9.0,"Card",1.95
"2021-09-01T15:28:36.000000Z",2.0,1.5,11.0,"Card",2.35
"2021-09-01T15:28:36.000000Z",1.0,1.390000000000,8.5,"Card",2.32
"2021-09-01T15:28:37.000000Z",5.0,3.300000000000,16.5,"Card",3.46
"2021-09-01T15:28:37.000000Z",1.0,3.300000000000,15.0,"Cash",0.0
"2021-09-01T15:28:37.000000Z",1.0,11.5,39.5,"Card",8.05
"2021-09-01T15:28:37.000000Z",1.0,0.56,4.5,"Card",1.32
"2021-09-01T15:28:37.000000Z",2.0,2.59,12.5,"Cash",0.0
"2021-09-01T15:28:37.000000Z",1.0,5.16,21.0,"Card",4.36
"2021-09-01T15:28:38.000000Z",1.0,1.28,7.0,"Cash",0.0
"2021-09-01T15:28:38.000000Z",1.0,1.3,7.5,"Cash",0.0
"2021-09-01T15:28:38.000000Z",2.0,4.810000000000,16.5,"Cash",0.0
"2021-09-01T15:28:38.000000Z",2.0,0.78,5.0,"Card",1.0
"2021-09-01T15:28:38.000000Z",1.0,2.5,12.5,"Card",2.65
"2021-09-01T15:28:39.000000Z",2.0,1.24,7.0,"Cash",0.0
"2021-09-01T15:28:39.000000Z",1.0,1.8,10.5,"Card",2.25
"2021-09-01T15:28:39.000000Z",2.0,2.300000000000,13.5,"Card",3.0
"2021-09-01T15:28:39.000000Z",1.0,2.81,15.5,"Cash",0.0
"2021-09-01T15:28:39.000000Z",1.0,1.29,10.5,"Card",3.39
"2021-09-01T15:28:39.000000Z",1.0,1.5,8.0,"Card",1.75
"2021-09-01T15:28:40.000000Z",1.0,2.32,10.5,"Cash",0.0
"2021-09-01T15:28:40.000000Z",1.0,1.09,7.0,"Card",1.0
"2021-09-01T15:28:40.000000Z",2.0,1.6,10.0,"Card",2.15
"2021-09-01T15:28:41.000000Z",1.0,7.46,32.0,"Card",0.0
"2021-09-01T15:28:41.000000Z",1.0,2.300000000000,12.5,"Card",2.65
"2021-09-01T15:28:41.000000Z",1.0,9.31,30.5,"Card",7.41
"2021-09-01T15:28:41.000000Z",1.0,1.2,11.0,"Cash",0.0
"2021-09-01T15:28:41.000000Z",1.0,0.84,9.5,"Card",1.0
"2021-09-01T15:28:41.000000Z",1.0,18.09,52.0,"Cash",0.0
"2021-09-01T15:28:41.000000Z",1.0,0.73,5.0,"Card",1.45
"2021-09-01T15:28:41.000000Z",1.0,1.36,8.5,"Card",2.79
"2021-09-01T15:28:41.000000Z",1.0,1.8,7.5,"Card",1.650000000000
"2021-09-01T15:28:41.000000Z",2.0,15.69,43.5,"Card",9.94
"2021-09-01T15:28:41.000000Z",1.0,2.15,10.0,"Card",2.16
"2021-09-01T15:28:42.000000Z",1.0,1.6,9.5,"Card",2.05
"2021-09-01T15:28:42.000000Z",1.0,0.97,6.0,"Card",1.36
"2021-09-01T15:28:42.000000Z",3.0,0.91,6.5,"Card",0.0
"2021-09-01T15:28:42.000000Z",1.0,12.1,38.5,"Card",9.0
"2021-09-01T15:28:42.000000Z",1.0,2.73,14.0,"Card",2.5
"2021-09-01T15:28:42.000000Z",1.0,2.48,14.5,"Cash",0.0
"2021-09-01T15:28:42.000000Z",1.0,1.1,7.5,"Card",0.830000000000
"2021-09-01T15:28:42.000000Z",1.0,4.0,18.0,"Card",3.75
"2021-09-01T15:28:42.000000Z",6.0,1.73,10.0,"Card",2.16
"2021-09-01T15:28:43.000000Z",6.0,0.690000000000,5.0,"Card",1.16
"2021-09-01T15:28:43.000000Z",1.0,2.05,13.0,"Card",2.760000000000
"2021-09-01T15:28:43.000000Z",1.0,1.75,13.0,"Cash",0.0
"2021-09-01T15:28:43.000000Z",1.0,2.24,11.0,"Card",2.36
"2021-09-01T15:28:43.000000Z",1.0,0.63,4.5,"Cash",0.0
"2021-09-01T15:28:44.000000Z",1.0,4.0,20.0,"Card",4.16
"2021-09-01T15:28:44.000000Z",1.0,1.8,10.5,"Card",2.25
"2021-09-01T15:28:44.000000Z",1.0,1.5,7.0,"Cash",0.0
"2021-09-01T15:28:44.000000Z",1.0,0.24,3.5,"Cash",0.0
"2021-09-01T15:28:44.000000Z",1.0,1.04,6.0,"Card",2.04
"2021-09-01T15:28:44.000000Z",1.0,19.5,52.0,"Card",10.55
"2021-09-01T15:28:44.000000Z",3.0,0.97,6.5,"Card",1.82
"2021-09-01T15:28:44.000000Z",1.0,1.48,8.5,"Cash",0.0
"2021-09-01T15:28:44.000000Z",1.0,1.7,11.5,"Card",2.0
"2021-09-01T15:28:44.000000Z",1.0,0.4,3.5,"Card",0.5
"2021-09-01T15:28:45.000000Z",1.0,1.55,10.0,"Card",2.16
"2021-09-01T15:28:45.000000Z",1.0,0.76,5.0,"Cash",0.0
"2021-09-01T15:28:45.000000Z",6.0,4.5,19.5,"Card",4.060000000000
"2021-09-01T15:28:45.000000Z",1.0,3.06,15.0,"Card",1.0
"2021-09-01T15:28:45.000000Z",1.0,0.4,3.5,"Cash",0.0
"2021-09-01T15:28:45.000000Z",1.0,1.68,8.5,"Card",1.86
"2021-09-01T15:28:45.000000Z",1.0,0.92,5.0,"Cash",0.0
"2021-09-01T15:28:46.000000Z",1.0,0.29,4.0,"Card",1.200000000000
"2021-09-01T15:28:46.000000Z",2.0,1.8,8.0,"Card",1.0
"2021-09-01T15:28:46.000000Z",1.0,1.43,9.5,"Card",2.06
"2021-09-01T15:28:46.000000Z",1.0,3.37,18.0,"Card",4.7
"2021-09-01T15:28:46.000000Z",1.0,1.400000000000,9.5,"Card",2.05
"2021-09-01T15:28:46.000000Z",1.0,1.84,9.0,"Cash",0.0
"2021-09-01T15:28:46.000000Z",1.0,1.86,9.5,"Card",1.0
"2021-09-01T15:28:46.000000Z",2.0,1.3,9.0,"Cash",0.0
"2021-09-01T15:28:46.000000Z",2.0,0.86,6.5,"Card",1.82
"2021-09-01T15:28:46.000000Z",1.0,18.45,52.0,"Cash",0.0
"2021-09-01T15:28:48.000000Z",1.0,0.2,3.0,"Cash",0.0
"2021-09-01T15:28:48.000000Z",1.0,2.1,12.0,"Card",3.0
"2021-09-01T15:28:48.000000Z",1.0,19.1,72.5,"Cash",0.0
"2021-09-01T15:28:48.000000Z",1.0,2.280000000000,12.5,"Card",2.66
"2021-09-01T15:28:49.000000Z",2.0,0.6,4.5,"Card",1.05
"2021-09-01T15:28:49.000000Z",2.0,0.8,5.5,"Card",1.25
"2021-09-01T15:28:49.000000Z",2.0,1.900000000000,8.5,"Cash",0.0
"2021-09-01T15:28:49.000000Z",1.0,1.400000000000,7.5,"Card",1.0
"2021-09-01T15:28:49.000000Z",1.0,3.800000000000,21.0,"Card",0.0
"2021-09-01T15:28:50.000000Z",1.0,2.68,16.5,"Cash",0.0
"2021-09-01T15:28:50.000000Z",1.0,15.4,47.5,"Card",10.8
"2021-09-01T15:28:50.000000Z",1.0,15.02,43.0,"Card",10.950000000000
"2021-09-01T15:28:50.000000Z",2.0,4.75,20.5,"Card",4.26
"2021-09-01T15:28:50.000000Z",2.0,1.08,7.0,"Card",1.56
"2021-09-01T15:28:50.000000Z",1.0,0.88,6.5,"Cash",0.0
"2021-09-01T15:28:50.000000Z",1.0,3.52,18.0,"Card",3.760000000000
"2021-09-01T15:28:51.000000Z",1.0,2.0,15.5,"Card",2.0
"2021-09-01T15:28:51.000000Z",1.0,1.1,8.0,"Card",1.75
"2021-09-01T15:28:51.000000Z",2.0,0.87,5.5,"Card",1.26
"2021-09-01T15:28:51.000000Z",1.0,1.3,7.5,"Card",2.45
"2021-09-01T15:28:51.000000Z",2.0,1.5,7.5,"Card",1.650000000000
"2021-09-01T15:28:52.000000Z",1.0,0.89,5.0,"Cash",0.0
"2021-09-01T15:28:52.000000Z",1.0,0.8,6.0,"Cash",0.0
"2021-09-01T15:28:52.000000Z",5.0,3.68,19.5,"Card",4.060000000000
"2021-09-01T15:28:52.000000Z",2.0,2.09,12.0,"Card",1.200000000000
"2021-09-01T15:28:53.000000Z",3.0,10.0,30.0,"Card",5.0
"2021-09-01T15:28:53.000000Z",3.0,6.3,22.5,"Cash",0.0
"2021-09-01T15:28:53.000000Z",2.0,0.700000000000,9.5,"Cash",0.0
"2021-09-01T15:28:53.000000Z",1.0,0.9,9.0,"Cash",0.0
"2021-09-01T15:28:53.000000Z",1.0,3.47,17.5,"Cash",0.0
"2021-09-01T15:28:53.000000Z",2.0,0.700000000000,5.5,"Card",1.0
"2021-09-01T15:28:53.000000Z",1.0,1.660000000000,8.0,"Card",1.76
"2021-09-01T15:28:53.000000Z",2.0,0.09,52.0,"Cash",0.0
"2021-09-01T15:28:53.000000Z",0.0,2.2,12.0,"Card",2.550000000000
"2021-09-01T15:28:53.000000Z",1.0,1.5,8.0,"Card",2.6
"2021-09-01T15:28:54.000000Z",1.0,1.22,8.5,"Card",1.400000000000
"2021-09-01T15:28:54.000000Z",1.0,0.9,7.0,"Cash",0.0
"2021-09-01T15:28:54.000000Z",1.0,2.16,10.0,"Card",1.0
"2021-09-01T15:28:54.000000Z",2.0,11.9,42.0,"Card",9.700000000000
"2021-09-01T15:28:54.000000Z",1.0,0.45,4.5,"Card",1.06
"2021-09-01T15:28:55.000000Z",1.0,17.6,49.0,"Card",11.11
"2021-09-01T15:28:55.000000Z",1.0,0.9,6.5,"Card",1.45
"2021-09-01T15:28:55.000000Z",1.0,12.3,42.0,"Card",0.01
"2021-09-01T15:28:55.000000Z",0.0,0.700000000000,5.0,"Card",1.150000000000
"2021-09-01T15:28:55.000000Z",1.0,13.540000000000,43.5,"Card",8.86
"2021-09-01T15:28:55.000000Z",5.0,1.03,6.5,"Card",1.46
"2021-09-01T15:28:55.000000Z",1.0,2.6,12.5,"Cash",0.0
"2021-09-01T15:28:55.000000Z",1.0,2.0,12.0,"Cash",0.0
"2021-09-01T15:28:56.000000Z",5.0,2.75,15.0,"Card",1.0
"2021-09-01T15:28:56.000000Z",1.0,1.2,7.5,"Card",1.650000000000
"2021-09-01T15:28:56.000000Z",3.0,0.62,5.5,"Cash",0.0
"2021-09-01T15:28:56.000000Z",1.0,12.82,41.0,"Cash",0.0
"2021-09-01T15:28:56.000000Z",1.0,0.6,7.300000000000,"Cash",0.0
"2021-09-01T15:28:56.000000Z",1.0,5.3,21.0,"Cash",0.0
"2021-09-01T15:28:56.000000Z",1.0,0.4,4.5,"Card",1.0
"2021-09-01T15:28:56.000000Z",1.0,1.7,10.0,"Card",2.35
"2021-09-01T15:28:57.000000Z",1.0,0.46,4.0,"Cash",0.0
"2021-09-01T15:28:57.000000Z",2.0,3.5,19.5,"Card",3.050000000000
"2021-09-01T15:28:57.000000Z",1.0,0.940000000000,8.0,"Card",1.76
"2021-09-01T15:28:57.000000Z",1.0,0.6,5.0,"Card",1.150000000000
"2021-09-01T15:28:57.000000Z",1.0,3.16,15.0,"Cash",0.0
"2021-09-01T15:28:57.000000Z",1.0,0.8,4.5,"Card",0.950000000000
"2021-09-01T15:28:57.000000Z",1.0,5.28,24.5,"Card",7.59
"2021-09-01T15:28:57.000000Z",1.0,3.1,14.0,"Cash",0.0
"2021-09-01T15:28:57.000000Z",1.0,6.41,20.5,"Cash",0.0
"2021-09-01T15:28:57.000000Z",1.0,1.69,9.0,"Card",2.45
"2021-09-01T15:28:57.000000Z",2.0,2.5,11.5,"Card",2.46
"2021-09-01T15:28:58.000000Z",2.0,1.72,9.5,"Card",1.0
"2021-09-01T15:28:58.000000Z",2.0,5.4,17.5,"Card",2.0
"2021-09-01T15:28:58.000000Z",1.0,1.400000000000,8.0,"Cash",0.0
"2021-09-01T15:28:58.000000Z",1.0,1.19,7.0,"Card",1.56
"2021-09-01T15:28:58.000000Z",1.0,0.6,5.0,"Cash",0.0
"2021-09-01T15:28:58.000000Z",1.0,0.5,5.0,"Card",1.35
"2021-09-01T15:28:59.000000Z",1.0,1.24,7.0,"Card",1.56
"2021-09-01T15:28:59.000000Z",1.0,3.2,14.5,"Cash",0.0
"2021-09-01T15:28:59.000000Z",1.0,1.5,7.0,"Cash",0.0
"2021-09-01T15:28:59.000000Z",5.0,1.630000000000,11.0,"Card",2.36
"2021-09-01T15:29:00.000000Z",1.0,1.3,6.5,"Cash",0.0
"2021-09-01T15:29:00.000000Z",1.0,1.43,7.5,"Card",2.08
"2021-09-01T15:29:00.000000Z",1.0,0.75,4.5,"Cash",0.0
"2021-09-01T15:29:00.000000Z",1.0,1.17,6.0,"Card",1.36
"2021-09-01T15:29:00.000000Z",6.0,2.73,14.0,"Card",2.2
"2021-09-01T15:29:00.000000Z",1.0,2.1,13.0,"Card",2.75
"2021-09-01T15:29:00.000000Z",1.0,1.86,12.5,"Card",2.66
"2021-09-01T15:29:00.000000Z",1.0,0.52,3.5,"Card",0.86
"2021-09-01T15:29:00.000000Z",1.0,2.300000000000,15.0,"Cash",0.0
"2021-09-01T15:29:01.000000Z",1.0,2.23,11.0,"Card",2.36
"2021-09-01T15:29:01.000000Z",1.0,16.84,52.0,"Cash",0.0
"2021-09-01T15:29:01.000000Z",2.0,0.4,4.5,"Cash",0.0
"2021-09-01T15:29:01.000000Z",5.0,9.89,30.0,"Card",9.14
"2021-09-01T15:29:01.000000Z",1.0,1.3,6.5,"Card",1.45
"2021-09-01T15:29:01.000000Z",1.0,3.300000000000,15.0,"Card",3.95
"2021-09-01T15:29:01.000000Z",1.0,19.400000000000,52.0,"Cash",0.0
"2021-09-01T15:29:02.000000Z",1.0,2.29,14.0,"Card",0.0
"2021-09-01T15:29:02.000000Z",5.0,0.46,6.5,"Cash",0.0
"2021-09-01T15:29:02.000000Z",1.0,2.5,13.0,"Cash",0.0
"2021-09-01T15:29:02.000000Z",1.0,10.5,35.0,"Card",8.3
"2021-09-01T15:29:02.000000Z",1.0,0.9,6.0,"Cash",0.0
"2021-09-01T15:29:02.000000Z",1.0,1.6,10.5,"Card",1.0
"2021-09-01T15:29:02.000000Z",3.0,1.150000000000,7.0,"Card",1.56
"2021-09-01T15:29:02.000000Z",6.0,15.21,52.0,"Cash",0.0
"2021-09-01T15:29:03.000000Z",1.0,16.3,52.0,"Card",10.55
"2021-09-01T15:29:03.000000Z",1.0,2.0,14.5,"Card",1.5
"2021-09-01T15:29:03.000000Z",1.0,2.5,15.5,"Card",4.05
"2021-09-01T15:29:03.000000Z",1.0,1.1,8.5,"Cash",0.0
"2021-09-01T15:29:04.000000Z",1.0,3.2,16.0,"Cash",0.0
"2021-09-01T15:29:04.000000Z",1.0,9.9,32.5,"Card",3.0
"2021-09-01T15:29:04.000000Z",1.0,3.1,13.0,"Card",4.100000000000
"2021-09-01T15:29:04.000000Z",1.0,1.5,12.0,"Cash",0.0
"2021-09-01T15:29:04.000000Z",1.0,0.5,4.5,"Card",1.05
"2021-09-01T15:29:04.000000Z",1.0,1.34,8.5,"Card",1.0
"2021-09-01T15:29:05.000000Z",1.0,0.61,4.5,"Cash",0.0
"2021-09-01T15:29:05.000000Z",1.0,0.97,8.0,"Card",1.76
"2021-09-01T15:29:05.000000Z",1.0,4.3,19.5,"Cash",0.0
"2021-09-01T15:29:05.000000Z",1.0,1.0,8.0,"Card",1.5
"2021-09-01T15:29:05.000000Z",1.0,1.2,6.5,"Cash",0.0
"2021-09-01T15:29:05.000000Z",1.0,3.15,14.0,"Cash",0.0
"2021-09-01T15:29:05.000000Z",1.0,0.81,6.0,"Card",1.36
"2021-09-01T15:29:05.000000Z",1.0,6.0,26.0,"Card",8.0
"2021-09-01T15:29:06.000000Z",1.0,27.61,74.5,"Card",17.16
"2021-09-01T15:29:06.000000Z",6.0,2.75,13.0,"Card",2.760000000000
"2021-09-01T15:29:06.000000Z",1.0,0.9,7.5,"Card",2.05
"2021-09-01T15:29:06.000000Z",1.0,2.7,13.5,"Card",2.85
"2021-09-01T15:29:06.000000Z",2.0,1.48,14.0,"Cash",0.0
"2021-09-01T15:29:06.000000Z",2.0,1.36,9.5,"Card",2.06
"2021-09-01T15:29:06.000000Z",1.0,1.2,9.5,"Card",2.05
"2021-09-01T15:29:06.000000Z",1.0,1.3,8.0,"Card",0.0
"2021-09-01T15:29:06.000000Z",1.0,3.300000000000,15.5,"Cash",0.0
"2021-09-01T15:29:07.000000Z",1.0,0.89,5.0,"Cash",0.0
"2021-09-01T15:29:07.000000Z",1.0,2.09,10.5,"Card",2.260000000000
"2021-09-01T15:29:07.000000Z",1.0,2.23,13.0,"Cash",0.0
"2021-09-01T15:29:07.000000Z",1.0,0.56,5.5,"Card",1.890000000000
"2021-09-01T15:29:07.000000Z",1.0,1.7,8.5,"Card",1.0
"2021-09-01T15:29:08.000000Z",1.0,2.47,13.0,"Card",2.760000000000
"2021-09-01T15:29:08.000000Z",1.0,0.9,5.5,"Cash",0.0
"2021-09-01T15:29:09.000000Z",1.0,4.72,22.5,"Cash",0.0
"2021-09-01T15:29:09.000000Z",1.0,1.900000000000,8.5,"Cash",0.0
"2021-09-01T15:29:09.000000Z",1.0,3.2,17.5,"Card",4.55
"2021-09-01T15:29:09.000000Z",1.0,2.86,14.5,"Card",4.59
"2021-09-01T15:29:09.000000Z",1.0,1.32,7.5,"Card",1.660000000000
"2021-09-01T15:29:09.000000Z",2.0,0.9,8.5,"Cash",0.0
"2021-09-01T15:29:10.000000Z",1.0,2.13,14.0,"Card",2.96
"2021-09-01T15:29:10.000000Z",1.0,0.5,6.0,"Card",1.35
"2021-09-01T15:29:10.000000Z",1.0,1.900000000000,11.5,"Cash",0.0
"2021-09-01T15:29:10.000000Z",1.0,11.65,35.0,"Cash",0.0
"2021-09-01T15:29:10.000000Z",1.0,1.2,7.0,"Cash",0.0
"2021-09-01T15:29:11.000000Z",1.0,1.82,9.5,"Cash",0.0
"2021-09-01T15:29:11.000000Z",1.0,1.2,6.0,"Card",1.5
"2021-09-01T15:29:11.000000Z",6.0,1.02,7.0,"Card",1.25
"2021-09-01T15:29:12.000000Z",1.0,0.97,7.5,"Card",2.08
"2021-09-01T15:29:12.000000Z",1.0,0.700000000000,7.5,"Cash",0.0
"2021-09-01T15:29:12.000000Z",1.0,1.1,6.5,"Cash",0.0
"2021-09-01T15:29:12.000000Z",2.0,0.61,4.0,"Card",0.5
"2021-09-01T15:29:12.000000Z",1.0,2.1,12.0,"Cash",0.0
"2021-09-01T15:29:12.000000Z",1.0,0.8,6.0,"Card",1.5
"2021-09-01T15:29:13.000000Z",1.0,0.96,6.0,"Card",1.36
"2021-09-01T15:29:13.000000Z",1.0,1.16,7.5,"Card",1.660000000000
"2021-09-01T15:29:13.000000Z",1.0,1.35,8.0,"Card",1.76
"2021-09-01T15:29:13.000000Z",1.0,2.1,10.0,"Card",2.15
"2021-09-01T15:29:13.000000Z",1.0,1.1,7.5,"Card",1.650000000000
"2021-09-01T15:29:13.000000Z",2.0,9.48,32.0,"Card",6.560000000000
"2021-09-01T15:29:13.000000Z",1.0,1.55,9.5,"Card",2.06
"2021-09-01T15:29:13.000000Z",1.0,0.700000000000,5.5,"Cash",0.0
"2021-09-01T15:29:13.000000Z",1.0,1.43,7.0,"Card",1.200000000000
"2021-09-01T15:29:13.000000Z",1.0,1.3,7.5,"Card",1.650000000000
"2021-09-01T15:29:14.000000Z",1.0,8.64,30.5,"Card",5.0
"2021-09-01T15:29:14.000000Z",1.0,2.1,9.0,"Card",1.95
"2021-09-01T15:29:14.000000Z",0.0,3.2,18.5,"Card",2.32
"2021-09-01T15:29:14.000000Z",1.0,2.7,15.5,"Card",2.45
"2021-09-01T15:29:14.000000Z",1.0,1.8,8.5,"Card",1.86
"2021-09-01T15:29:15.000000Z",2.0,1.0,7.0,"Card",1.55
"2021-09-01T15:29:15.000000Z",1.0,1.3,8.0,"Card",1.25
"2021-09-01T15:29:16.000000Z",1.0,1.04,6.0,"Card",1.36
"2021-09-01T15:29:16.000000Z",1.0,1.0,6.5,"Cash",0.0
"2021-09-01T15:29:16.000000Z",1.0,1.640000000000,10.5,"Card",2.260000000000
"2021-09-01T15:29:16.000000Z",6.0,0.86,6.0,"Card",1.36
"2021-09-01T15:29:17.000000Z",1.0,0.98,7.0,"Card",1.56
"2021-09-01T15:29:17.000000Z",1.0,5.7,23.5,"Card",6.0
"2021-09-01T15:29:17.000000Z",1.0,0.3,4.0,"Card",4.0
"2021-09-01T15:29:17.000000Z",1.0,0.73,5.5,"Card",1.26
"2021-09-01T15:29:17.000000Z",2.0,0.8,5.5,"Card",1.25
"2021-09-01T15:29:18.000000Z",1.0,1.21,7.0,"Card",1.56
"2021-09-01T15:29:18.000000Z",1.0,2.300000000000,12.5,"Cash",0.0
"2021-09-01T15:29:18.000000Z",5.0,1.42,10.5,"Card",2.260000000000
"2021-09-01T15:29:18.000000Z",1.0,0.68,5.0,"Card",1.16
"2021-09-01T15:29:19.000000Z",1.0,2.24,14.5,"Card",0.0
"2021-09-01T15:29:19.000000Z",1.0,1.2,8.5,"Card",1.5
"2021-09-01T15:29:19.000000Z",5.0,10.66,32.0,"Card",7.71
"2021-09-01T15:29:19.000000Z",1.0,0.8,5.5,"Card",1.25
"2021-09-01T15:29:19.000000Z",1.0,0.6,4.0,"Card",1.200000000000
"2021-09-01T15:29:19.000000Z",1.0,1.07,7.0,"Cash",0.0
"2021-09-01T15:29:19.000000Z",1.0,1.8,13.0,"Card",2.75
"2021-09-01T15:29:19.000000Z",1.0,9.700000000000,31.0,"Card",9.35
"2021-09-01T15:29:19.000000Z",1.0,9.1,30.5,"Card",7.4
"2021-09-01T15:29:19.000000Z",3.0,1.130000000000,7.5,"Cash",0.0
"2021-09-01T15:29:20.000000Z",1.0,1.24,6.5,"Card",1.46
"2021-09-01T15:29:20.000000Z",1.0,1.01,7.0,"Card",0.08
"2021-09-01T15:29:20.000000Z",1.0,4.29,17.0,"Card",2.0
"2021-09-01T15:29:20.000000Z",6.0,2.12,13.5,"Card",2.86
"2021-09-01T15:29:20.000000Z",1.0,1.11,6.0,"Card",2.04
"2021-09-01T15:29:20.000000Z",2.0,1.8,10.0,"Card",0.0
"2021-09-01T15:29:21.000000Z",1.0,1.630000000000,12.0,"Cash",0.0
"2021-09-01T15:29:21.000000Z",1.0,2.5,11.5,"Card",2.46
"2021-09-01T15:29:21.000000Z",1.0,0.8,8.5,"Card",2.300000000000
"2021-09-01T15:29:21.000000Z",1.0,1.53,9.5,"Card",2.06
"2021-09-01T15:29:21.000000Z",1.0,29.8,52.0,"Card",14.600000000000
"2021-09-01T15:29:22.000000Z",1.0,0.5,5.0,"Cash",0.0
"2021-09-01T15:29:22.000000Z",1.0,18.3,52.0,"Card",11.71
"2021-09-01T15:29:22.000000Z",1.0,1.86,11.0,"Card",1.0
"2021-09-01T15:29:22.000000Z",1.0,0.68,6.0,"Card",1.36
"2021-09-01T15:29:22.000000Z",1.0,1.5,11.5,"Card",2.46
"2021-09-01T15:29:22.000000Z",1.0,1.6,11.0,"Card",2.35
"2021-09-01T15:29:22.000000Z",2.0,0.91,9.5,"Card",2.06
"2021-09-01T15:29:22.000000Z",2.0,0.6,5.0,"Card",1.0
"2021-09-01T15:29:23.000000Z",2.0,0.98,9.0,"Cash",0.0
"2021-09-01T15:29:23.000000Z",1.0,2.800000000000,16.5,"Card",3.45
"2021-09-01T15:29:23.000000Z",1.0,2.0,9.0,"Card",2.15
"2021-09-01T15:29:24.000000Z",1.0,6.5,26.5,"Cash",0.0
"2021-09-01T15:29:24.000000Z",2.0,0.6,4.5,"Cash",0.0
"2021-09-01T15:29:25.000000Z",1.0,0.93,6.0,"Card",1.36
"2021-09-01T15:29:25.000000Z",1.0,0.62,5.0,"Cash",0.0
"2021-09-01T15:29:25.000000Z",1.0,0.6,7.0,"Cash",0.0
"2021-09-01T15:29:25.000000Z",1.0,1.12,7.5,"Card",1.660000000000
"2021-09-01T15:29:25.000000Z",1.0,2.49,12.0,"Card",1.92
"2021-09-01T15:29:25.000000Z",1.0,4.4,21.5,"Card",1.0
"2021-09-01T15:29:25.000000Z",2.0,1.55,11.0,"Card",1.0
"2021-09-01T15:29:26.000000Z",1.0,11.39,31.5,"Card",0.55
"2021-09-01T15:29:26.000000Z",1.0,0.5,8.5,"Cash",0.0
"2021-09-01T15:29:26.000000Z",2.0,11.25,31.5,"Cash",0.0
"2021-09-01T15:29:26.000000Z",1.0,5.92,22.5,"Cash",0.0
"2021-09-01T15:29:26.000000Z",1.0,1.5,8.0,"Cash",0.0
"2021-09-01T15:29:26.000000Z",1.0,0.5,4.5,"Unknown",0.0
"2021-09-01T15:29:27.000000Z",1.0,6.2,20.0,"Card",3.12
"2021-09-01T15:29:27.000000Z",3.0,0.93,5.5,"Cash",0.0
"2021-09-01T15:29:27.000000Z",1.0,2.64,11.0,"Cash",0.0
"2021-09-01T15:29:28.000000Z",1.0,1.8,8.5,"Card",1.0
"2021-09-01T15:29:28.000000Z",1.0,0.72,5.0,"Card",0.75
"2021-09-01T15:29:28.000000Z",1.0,7.25,24.5,"Card",5.060000000000
"2021-09-01T15:29:28.000000Z",1.0,0.48,4.0,"Card",1.200000000000
"2021-09-01T15:29:28.000000Z",1.0,0.700000000000,5.0,"Cash",0.0
"2021-09-01T15:29:29.000000Z",1.0,17.7,54.0,"Card",11.15
"2021-09-01T15:29:29.000000Z",1.0,1.140000000000,7.0,"Card",1.33
"2021-09-01T15:29:29.000000Z",2.0,0.2,3.5,"Card",0.85
"2021-09-01T15:29:29.000000Z",1.0,1.2,6.5,"Card",1.45
"2021-09-01T15:29:29.000000Z",1.0,0.700000000000,5.0,"Cash",0.0
"2021-09-01T15:29:29.000000Z",2.0,9.44,32.0,"Card",7.71
"2021-09-01T15:29:30.000000Z",1.0,1.2,6.5,"Card",1.45
"2021-09-01T15:29:30.000000Z",1.0,1.5,11.5,"Card",1.0
"2021-09-01T15:29:30.000000Z",1.0,0.55,4.0,"Card",1.200000000000
"2021-09-01T15:29:30.000000Z",1.0,1.0,5.5,"Card",1.25
"2021-09-01T15:29:30.000000Z",1.0,1.3,9.0,"Card",4.0
"2021-09-01T15:29:31.000000Z",1.0,7.7,25.5,"Card",3.0
"2021-09-01T15:29:31.000000Z",4.0,11.3,37.0,"Card",5.800000000000
"2021-09-01T15:29:31.000000Z",5.0,2.16,9.5,"Card",3.09
"2021-09-01T15:29:31.000000Z",1.0,2.0,10.0,"Card",2.5
"2021-09-01T15:29:31.000000Z",2.0,1.76,11.5,"Cash",0.0
"2021-09-01T15:29:31.000000Z",1.0,1.900000000000,10.0,"Card",2.15
"2021-09-01T15:29:31.000000Z",6.0,0.58,6.0,"Cash",0.0
"2021-09-01T15:29:31.000000Z",5.0,0.45,7.0,"Card",1.56
"2021-09-01T15:29:31.000000Z",1.0,9.36,35.0,"Card",10.74
"2021-09-01T15:29:31.000000Z",1.0,1.0,7.0,"Cash",0.0
"2021-09-01T15:29:32.000000Z",2.0,3.6,19.0,"Card",3.0
"2021-09-01T15:29:32.000000Z",1.0,0.72,6.0,"Card",1.0
"2021-09-01T15:29:32.000000Z",1.0,2.15,10.5,"Card",2.260000000000
"2021-09-01T15:29:32.000000Z",2.0,0.9,5.5,"Card",0.75
"2021-09-01T15:29:32.000000Z",1.0,0.99,6.0,"Card",1.36
"2021-09-01T15:29:32.000000Z",1.0,2.6,14.5,"Cash",0.0
"2021-09-01T15:29:33.000000Z",1.0,0.700000000000,6.0,"Card",1.35
"2021-09-01T15:29:33.000000Z",5.0,9.21,29.0,"Card",7.11
"2021-09-01T15:29:33.000000Z",1.0,0.8,8.0,"Card",1.0
"2021-09-01T15:29:34.000000Z",1.0,0.91,7.0,"Card",1.56
"2021-09-01T15:29:34.000000Z",2.0,1.2,6.5,"Cash",0.0
"2021-09-01T15:29:34.000000Z",1.0,0.700000000000,5.0,"Cash",0.0
"2021-09-01T15:29:34.000000Z",1.0,0.950000000000,7.0,"Card",1.56
"2021-09-01T15:29:35.000000Z",1.0,1.2,6.5,"Card",1.45
"2021-09-01T15:29:35.000000Z",1.0,6.7,27.0,"Card",3.0
"2021-09-01T15:29:35.000000Z",1.0,0.8,7.0,"Card",1.0
"2021-09-01T15:29:35.000000Z",1.0,1.1,5.0,"Card",1.16
"2021-09-01T15:29:36.000000Z",5.0,10.18,56.5,"Card",12.51
"2021-09-01T15:29:36.000000Z",1.0,0.6,6.0,"Card",1.36
"2021-09-01T15:29:36.000000Z",6.0,10.46,31.5,"Card",7.61
"2021-09-01T15:29:36.000000Z",1.0,0.6,4.5,"Card",1.05
"2021-09-01T15:29:36.000000Z",5.0,0.51,4.5,"Cash",0.0
"2021-09-01T15:29:36.000000Z",1.0,0.8,5.0,"Card",1.200000000000
"2021-09-01T15:29:36.000000Z",1.0,2.9,15.0,"Cash",0.0
"2021-09-01T15:29:36.000000Z",2.0,0.71,6.5,"Cash",0.0
"2021-09-01T15:29:37.000000Z",1.0,3.7,17.0,"Card",0.0
"2021-09-01T15:29:37.000000Z",1.0,6.600000000000,24.5,"Card",7.55
"2021-09-01T15:29:37.000000Z",1.0,0.67,6.5,"Card",3.0
"2021-09-01T15:29:37.000000Z",1.0,1.3,6.0,"Card",1.35
"2021-09-01T15:29:37.000000Z",1.0,1.0,6.5,"Card",2.15
"2021-09-01T15:29:37.000000Z",1.0,0.67,5.5,"Card",1.26
"2021-09-01T15:29:37.000000Z",1.0,1.900000000000,10.0,"Card",2.0
"2021-09-01T15:29:37.000000Z",4.0,2.98,14.0,"Cash",0.0
"2021-09-01T15:29:37.000000Z",1.0,0.570000000000,5.5,"Cash",0.0
"2021-09-01T15:29:38.000000Z",1.0,2.21,15.0,"Card",0.0
"2021-09-01T15:29:38.000000Z",1.0,1.2,6.5,"Card",0.88
"2021-09-01T15:29:38.000000Z",1.0,3.16,15.0,"Card",1.0
"2021-09-01T15:29:38.000000Z",1.0,6.4,26.0,"Card",5.36
"2021-09-01T15:29:38.000000Z",1.0,0.46,4.0,"Cash",0.0
"2021-09-01T15:29:38.000000Z",1.0,3.2,16.5,"Card",3.0
"2021-09-01T15:29:38.000000Z",1.0,5.2,22.5,"Card",4.65
"2021-09-01T15:29:38.000000Z",1.0,1.1,6.0,"Card",2.0
"2021-09-01T15:29:38.000000Z",1.0,6.0,19.5,"Card",4.05
"2021-09-01T15:29:39.000000Z",1.0,1.400000000000,8.5,"Cash",0.0
"2021-09-01T15:29:39.000000Z",5.0,1.7,9.5,"Card",1.0
"2021-09-01T15:29:39.000000Z",6.0,0.73,5.0,"Cash",0.0
"2021-09-01T15:29:39.000000Z",6.0,2.42,13.5,"Cash",0.0
"2021-09-01T15:29:39.000000Z",1.0,0.6,6.0,"Card",1.0
"2021-09-01T15:29:39.000000Z",1.0,16.7,52.0,"Card",8.0
"2021-09-01T15:29:39.000000Z",2.0,9.55,32.5,"Card",9.76
"2021-09-01T15:29:40.000000Z",1.0,1.99,13.5,"Card",2.86
"2021-09-01T15:29:40.000000Z",4.0,0.8,6.0,"Cash",0.0
"2021-09-01T15:29:40.000000Z",1.0,2.1,9.5,"Card",2.05
"2021-09-01T15:29:41.000000Z",1.0,1.69,10.0,"Card",2.16
"2021-09-01T15:29:41.000000Z",1.0,1.11,9.0,"Cash",0.0
"2021-09-01T15:29:41.000000Z",1.0,6.890000000000,30.5,"Card",6.26
"2021-09-01T15:29:41.000000Z",1.0,3.22,16.5,"Card",1.73
"2021-09-01T15:29:42.000000Z",1.0,1.36,6.5,"Card",1.46
"2021-09-01T15:29:42.000000Z",1.0,1.6,10.0,"Cash",0.0
"2021-09-01T15:29:42.000000Z",1.0,6.07,20.0,"Cash",0.0
"2021-09-01T15:29:42.000000Z",1.0,1.98,10.5,"Card",2.260000000000
"2021-09-01T15:29:43.000000Z",1.0,0.8,6.0,"Card",1.0
"2021-09-01T15:29:43.000000Z",1.0,1.0,6.0,"Card",1.0
"2021-09-01T15:29:43.000000Z",1.0,2.0,10.0,"Card",3.0
"2021-09-01T15:29:43.000000Z",4.0,0.65,5.5,"Card",1.26
"2021-09-01T15:29:43.000000Z",1.0,7.2,23.0,"Cash",0.0
"2021-09-01T15:29:43.000000Z",1.0,2.300000000000,13.5,"Card",2.85
"2021-09-01T15:29:43.000000Z",2.0,2.1,11.0,"Cash",0.0
"2021-09-01T15:29:43.000000Z",1.0,9.39,32.0,"Cash",0.0
"2021-09-01T15:29:43.000000Z",1.0,1.2,7.0,"Card",1.55
"2021-09-01T15:29:44.000000Z",1.0,2.4,12.5,"Card",2.85
"2021-09-01T15:29:44.000000Z",1.0,1.1,7.5,"Card",1.650000000000
"2021-09-01T15:29:44.000000Z",1.0,1.0,8.0,"Card",1.75
"2021-09-01T15:29:44.000000Z",1.0,1.1,9.0,"Cash",0.0
"2021-09-01T15:29:44.000000Z",1.0,2.1,10.0,"Card",2.7
"2021-09-01T15:29:45.000000Z",1.0,1.01,7.0,"Card",0.0
"2021-09-01T15:29:45.000000Z",1.0,1.1,8.0,"Card",2.2
"2021-09-01T15:29:45.000000Z",2.0,1.400000000000,8.0,"Card",2.0
"2021-09-01T15:29:45.000000Z",2.0,1.37,8.5,"Card",1.86
"2021-09-01T15:29:45.000000Z",1.0,0.99,8.5,"Cash",0.0
"2021-09-01T15:29:45.000000Z",3.0,1.49,8.5,"Cash",0.0
"2021-09-01T15:29:45.000000Z",6.0,1.72,9.5,"Cash",0.0
"2021-09-01T15:29:45.000000Z",1.0,14.3,42.5,"Card",9.8
"2021-09-01T15:29:45.000000Z",1.0,12.26,38.0,"Card",8.91
"2021-09-01T15:29:45.000000Z",2.0,3.300000000000,16.5,"Card",3.45
"2021-09-01T15:29:46.000000Z",1.0,2.4,13.0,"Card",2.75
"2021-09-01T15:29:46.000000Z",2.0,1.7,10.0,"Card",2.25
"2021-09-01T15:29:47.000000Z",1.0,22.41,52.0,"Card",11.71
"2021-09-01T15:29:47.000000Z",2.0,1.1,7.5,"Card",1.650000000000
"2021-09-01T15:29:47.000000Z",3.0,1.0,6.5,"Cash",0.0
"2021-09-01T15:29:47.000000Z",1.0,13.55,41.0,"Card",9.51
"2021-09-01T15:29:47.000000Z",1.0,1.0,7.5,"Cash",0.0
"2021-09-01T15:29:47.000000Z",1.0,1.400000000000,7.5,"Card",1.25
"2021-09-01T15:29:47.000000Z",3.0,6.8,27.0,"Card",5.55
"2021-09-01T15:29:47.000000Z",6.0,10.69,32.0,"Card",9.64
"2021-09-01T15:29:47.000000Z",1.0,0.9,6.0,"Card",1.35
"2021-09-01T15:29:47.000000Z",2.0,15.33,52.0,"Cash",0.0
"2021-09-01T15:29:47.000000Z",3.0,8.83,29.5,"Card",7.58
"2021-09-01T15:29:47.000000Z",1.0,1.2,7.0,"Cash",0.0
"2021-09-01T15:29:48.000000Z",1.0,6.520000000000,25.0,"Cash",0.0
"2021-09-01T15:29:48.000000Z",1.0,0.87,7.0,"Card",0.5
"2021-09-01T15:29:48.000000Z",2.0,6.32,22.0,"Cash",0.0
"2021-09-01T15:29:48.000000Z",1.0,1.18,7.0,"Cash",0.0
"2021-09-01T15:29:48.000000Z",1.0,0.8,6.0,"Card",1.35
"2021-09-01T15:29:48.000000Z",1.0,0.820000000000,5.5,"Cash",0.0
"2021-09-01T15:29:48.000000Z",2.0,0.86,7.0,"Card",1.0
"2021-09-01T15:29:49.000000Z",1.0,2.09,13.5,"Cash",0.0
"2021-09-01T15:29:49.000000Z",1.0,2.0,12.5,"Card",2.65
"2021-09-01T15:29:49.000000Z",5.0,9.26,28.5,"Cash",0.0
"2021-09-01T15:29:49.000000Z",1.0,5.5,21.0,"Card",2.0
"2021-09-01T15:29:49.000000Z",2.0,1.400000000000,8.5,"Cash",0.0
"2021-09-01T15:29:49.000000Z",1.0,0.58,4.5,"Card",0.950000000000
"2021-09-01T15:29:49.000000Z",1.0,1.0,5.0,"Card",2.0
"2021-09-01T15:29:50.000000Z",2.0,2.800000000000,14.5,"Card",3.050000000000
"2021-09-01T15:29:50.000000Z",2.0,18.5,52.0,"Cash",0.0
"2021-09-01T15:29:50.000000Z",1.0,2.800000000000,11.0,"Card",2.35
"2021-09-01T15:29:50.000000Z",1.0,1.1,7.5,"Cash",0.0
"2021-09-01T15:29:50.000000Z",1.0,1.7,10.5,"Cash",0.0
"2021-09-01T15:29:50.000000Z",1.0,1.2,7.0,"Card",1.55
"2021-09-01T15:29:50.000000Z",1.0,1.07,7.5,"Card",1.660000000000
"2021-09-01T15:29:51.000000Z",1.0,0.92,6.5,"Card",1.0
"2021-09-01T15:29:51.000000Z",2.0,1.3,8.5,"Card",1.85
"2021-09-01T15:29:51.000000Z",3.0,10.08,32.0,"Card",9.64
"2021-09-01T15:29:51.000000Z",1.0,1.11,7.0,"Cash",0.0
"2021-09-01T15:29:52.000000Z",1.0,0.6,5.0,"Card",1.45
"2021-09-01T15:29:53.000000Z",1.0,0.8,8.5,"Cash",0.0
"2021-09-01T15:29:53.000000Z",1.0,2.0,12.0,"Card",3.2
"2021-09-01T15:29:53.000000Z",2.0,1.2,8.0,"Card",1.75
"2021-09-01T15:29:53.000000Z",1.0,1.1,7.5,"Card",1.650000000000
"2021-09-01T15:29:53.000000Z",1.0,0.87,9.5,"Card",2.06
"2021-09-01T15:29:54.000000Z",1.0,6.28,21.0,"Card",3.0
"2021-09-01T15:29:54.000000Z",1.0,3.68,18.0,"Card",3.760000000000
"2021-09-01T15:29:54.000000Z",1.0,0.59,5.0,"Card",1.16
"2021-09-01T15:29:54.000000Z",1.0,0.75,4.5,"Cash",0.0
"2021-09-01T15:29:54.000000Z",1.0,0.9,7.0,"Card",1.55
"2021-09-01T15:29:55.000000Z",1.0,3.65,14.5,"Card",3.06
"2021-09-01T15:29:55.000000Z",1.0,1.21,8.0,"Card",2.2
"2021-09-01T15:29:55.000000Z",1.0,0.48,5.0,"Cash",0.0
"2021-09-01T15:29:55.000000Z",1.0,1.23,7.0,"Cash",0.0
"2021-09-01T15:29:55.000000Z",3.0,0.75,5.5,"Card",1.26
"2021-09-01T15:29:55.000000Z",2.0,2.7,13.0,"No Charge",0.0
"2021-09-01T15:29:56.000000Z",1.0,1.29,8.5,"Card",0.0
"2021-09-01T15:29:56.000000Z",1.0,2.300000000000,13.0,"Card",2.760000000000
"2021-09-01T15:29:56.000000Z",1.0,10.17,35.5,"Cash",0.0
"2021-09-01T15:29:56.000000Z",1.0,9.71,38.0,"Card",9.700000000000
"2021-09-01T15:29:56.000000Z",1.0,2.9,15.5,"Card",3.25
"2021-09-01T15:29:56.000000Z",1.0,2.0,10.5,"Card",2.260000000000
"2021-09-01T15:29:57.000000Z",1.0,1.6,12.0,"Card",2.550000000000
"2021-09-01T15:29:57.000000Z",1.0,0.700000000000,5.5,"Card",1.25
"2021-09-01T15:29:57.000000Z",2.0,1.09,7.5,"Card",1.660000000000
"2021-09-01T15:29:57.000000Z",1.0,1.92,12.5,"Cash",0.0
"2021-09-01T15:29:57.000000Z",2.0,2.550000000000,12.0,"Card",2.56
"2021-09-01T15:29:57.000000Z",1.0,4.4,17.0,"Card",2.0
"2021-09-01T15:29:57.000000Z",1.0,0.9,7.5,"Cash",0.0
"2021-09-01T15:29:57.000000Z",1.0,4.8,17.5,"Card",2.7
"2021-09-01T15:29:57.000000Z",1.0,7.100000000000,27.0,"Cash",0.0
"2021-09-01T15:29:57.000000Z",1.0,1.2,7.5,"Card",1.650000000000
"2021-09-01T15:29:58.000000Z",3.0,2.9,14.5,"Card",3.050000000000
"2021-09-01T15:29:58.000000Z",1.0,1.6,8.5,"Card",1.85
"2021-09-01T15:29:58.000000Z",1.0,2.2,9.0,"Card",2.45
"2021-09-01T15:29:58.000000Z",5.0,16.52,68.0,"Card",15.76
"2021-09-01T15:29:58.000000Z",1.0,0.49,4.0,"Card",0.96
"2021-09-01T15:29:58.000000Z",2.0,2.300000000000,14.0,"Card",2.95
"2021-09-01T15:29:59.000000Z",5.0,5.58,29.5,"Card",0.0
"2021-09-01T15:29:59.000000Z",1.0,0.56,4.5,"Cash",0.0
"2021-09-01T15:29:59.000000Z",1.0,0.700000000000,7.0,"Card",1.95
"2021-09-01T15:29:59.000000Z",1.0,1.5,7.5,"Cash",0.0
"2021-09-01T15:29:59.000000Z",2.0,0.54,4.5,"Card",1.32
"2021-09-01T15:29:59.000000Z",1.0,1.3,10.0,"Card",2.0
"2021-09-01T15:30:00.000000Z",1.0,0.62,4.5,"Card",0.8
"2021-09-01T15:30:00.000000Z",1.0,2.4,11.5,"Card",2.45
"2021-09-01T15:30:01.000000Z",2.0,0.9,5.0,"Cash",0.0
"2021-09-01T15:30:01.000000Z",1.0,1.7,8.5,"Card",1.0
"2021-09-01T15:30:01.000000Z",3.0,1.380000000000,9.0,"Card",1.96
"2021-09-01T15:30:01.000000Z",1.0,0.6,5.0,"Card",0.29
"2021-09-01T15:30:01.000000Z",1.0,2.2,11.0,"Card",2.95
"2021-09-01T15:30:01.000000Z",3.0,0.700000000000,5.0,"Card",1.700000000000
"2021-09-01T15:30:02.000000Z",1.0,0.89,6.5,"Cash",0.0
"2021-09-01T15:30:02.000000Z",5.0,1.53,8.5,"Card",2.32
"2021-09-01T15:30:02.000000Z",5.0,1.95,14.0,"Card",4.44
"2021-09-01T15:30:02.000000Z",2.0,1.0,7.0,"Cash",0.0
"2021-09-01T15:30:02.000000Z",1.0,2.1,11.5,"Card",2.45
"2021-09-01T15:30:02.000000Z",1.0,2.800000000000,13.5,"Card",2.85
"2021-09-01T15:30:02.000000Z",1.0,0.4,3.5,"Cash",0.0
"2021-09-01T15:30:03.000000Z",6.0,0.43,4.0,"Cash",0.0
"2021-09-01T15:30:04.000000Z",5.0,12.75,44.5,"Card",9.06
"2021-09-01T15:30:04.000000Z",1.0,0.72,5.5,"Card",1.58
"2021-09-01T15:30:04.000000Z",1.0,2.22,10.0,"Cash",0.0
"2021-09-01T15:30:04.000000Z",1.0,0.8,6.5,"Cash",0.0
"2021-09-01T15:30:04.000000Z",1.0,19.0,52.0,"Card",14.600000000000
"2021-09-01T15:30:05.000000Z",1.0,3.9,13.0,"Cash",0.0
"2021-09-01T15:30:05.000000Z",1.0,1.2,7.0,"Card",1.55
"2021-09-01T15:30:05.000000Z",5.0,0.58,5.0,"Card",2.32
"2021-09-01T15:30:05.000000Z",1.0,1.8,12.5,"Card",3.300000000000
"2021-09-01T15:30:05.000000Z",2.0,0.42,4.5,"Cash",0.0
"2021-09-01T15:30:05.000000Z",1.0,0.91,8.0,"Cash",0.0
"2021-09-01T15:30:05.000000Z",2.0,20.650000000000,52.0,"Cash",0.0
"2021-09-01T15:30:05.000000Z",1.0,2.6,13.0,"Card",3.0
"2021-09-01T15:30:06.000000Z",1.0,3.4,18.0,"Cash",0.0
"2021-09-01T15:30:06.000000Z",1.0,1.5,10.5,"Cash",0.0
"2021-09-01T15:30:06.000000Z",1.0,0.9,8.0,"Card",1.32
"2021-09-01T15:30:06.000000Z",1.0,8.97,33.0,"Cash",0.0
"2021-09-01T15:30:06.000000Z",1.0,0.6,6.5,"Cash",0.0
"2021-09-01T15:30:06.000000Z",1.0,1.7,9.0,"Cash",0.0
"2021-09-01T15:30:07.000000Z",1.0,0.6,5.5,"Card",1.25
"2021-09-01T15:30:07.000000Z",2.0,0.43,3.5,"Card",0.86
"2021-09-01T15:30:07.000000Z",2.0,2.0,10.0,"Cash",0.0
"2021-09-01T15:30:07.000000Z",1.0,0.6,5.5,"Card",1.85
"2021-09-01T15:30:07.000000Z",1.0,0.1,3.5,"No Charge",0.0
"2021-09-01T15:30:08.000000Z",1.0,1.57,9.0,"Cash",0.0
"2021-09-01T15:30:08.000000Z",1.0,12.1,40.0,"Card",8.15
"2021-09-01T15:30:08.000000Z",1.0,6.5,19.5,"Cash",0.0
"2021-09-01T15:30:08.000000Z",1.0,0.48,5.0,"Cash",0.0
"2021-09-01T15:30:09.000000Z",5.0,1.01,6.0,"Card",1.36
"2021-09-01T15:30:09.000000Z",2.0,2.57,13.0,"Cash",0.0
"2021-09-01T15:30:09.000000Z",1.0,0.28,4.0,"Card",3.0
"2021-09-01T15:30:09.000000Z",1.0,0.940000000000,5.0,"Cash",0.0
"2021-09-01T15:30:09.000000Z",1.0,0.8,6.0,"Card",1.0
"2021-09-01T15:30:10.000000Z",1.0,1.5,7.5,"Card",1.650000000000
"2021-09-01T15:30:10.000000Z",5.0,2.05,12.0,"Card",2.56
"2021-09-01T15:30:10.000000Z",1.0,1.37,8.0,"Card",2.2
"2021-09-01T15:30:10.000000Z",4.0,1.5,8.5,"Cash",0.0
"2021-09-01T15:30:10.000000Z",1.0,1.36,8.0,"Card",1.32
"2021-09-01T15:30:10.000000Z",2.0,5.2,22.5,"Card",4.65
"2021-09-01T15:30:10.000000Z",1.0,5.100000000000,20.5,"Card",4.26
"2021-09-01T15:30:11.000000Z",1.0,9.8,31.5,"Cash",0.0
"2021-09-01T15:30:11.000000Z",1.0,1.2,10.0,"Cash",0.0
"2021-09-01T15:30:11.000000Z",1.0,20.02,52.0,"Card",11.71
"2021-09-01T15:30:11.000000Z",1.0,2.57,12.0,"Card",3.2
"2021-09-01T15:30:12.000000Z",2.0,1.06,9.0,"Card",1.96
"2021-09-01T15:30:12.000000Z",1.0,7.19,28.0,"Card",3.0
"2021-09-01T15:30:12.000000Z",1.0,4.05,23.0,"Cash",0.0
"2021-09-01T15:30:13.000000Z",1.0,4.13,18.5,"Card",3.86
"2021-09-01T15:30:13.000000Z",6.0,1.55,8.0,"Card",1.76
"2021-09-01T15:30:13.000000Z",1.0,11.200000000000,36.5,"Card",5.0
"2021-09-01T15:30:13.000000Z",2.0,1.8,9.0,"Card",1.0
"2021-09-01T15:30:13.000000Z",5.0,9.86,37.5,"Card",8.81
"2021-09-01T15:30:13.000000Z",2.0,12.91,55.0,"Card",13.16
"2021-09-01T15:30:13.000000Z",1.0,1.05,7.0,"Cash",0.0
"2021-09-01T15:30:14.000000Z",1.0,0.5,5.5,"Cash",0.0
"2021-09-01T15:30:14.000000Z",2.0,5.29,21.0,"Cash",0.0
"2021-09-01T15:30:14.000000Z",1.0,1.2,7.5,"Cash",0.0
"2021-09-01T15:30:14.000000Z",1.0,2.800000000000,14.5,"Cash",0.0
"2021-09-01T15:30:14.000000Z",3.0,0.91,7.5,"Card",1.660000000000
"2021-09-01T15:30:14.000000Z",1.0,2.280000000000,11.5,"Card",0.0
"2021-09-01T15:30:14.000000Z",1.0,0.59,4.5,"Card",0.0
"2021-09-01T15:30:14.000000Z",2.0,0.700000000000,4.5,"Card",0.75
"2021-09-01T15:30:15.000000Z",2.0,0.44,6.5,"Cash",0.0
"2021-09-01T15:30:15.000000Z",1.0,2.81,13.0,"Card",2.760000000000
"2021-09-01T15:30:15.000000Z",1.0,0.570000000000,5.0,"Cash",0.0
"2021-09-01T15:30:15.000000Z",2.0,1.71,8.0,"Card",1.76
"2021-09-01T15:30:15.000000Z",1.0,0.820000000000,7.0,"Cash",0.0
"2021-09-01T15:30:15.000000Z",3.0,1.03,6.5,"Cash",0.0
"2021-09-01T15:30:15.000000Z",2.0,2.2,11.0,"Card",2.35
"2021-09-01T15:30:15.000000Z",1.0,1.06,8.0,"Cash",0.0
"2021-09-01T15:30:15.000000Z",1.0,0.6,4.5,"Cash",0.0
"2021-09-01T15:30:16.000000Z",2.0,0.66,6.5,"Card",1.46
"2021-09-01T15:30:16.000000Z",1.0,0.700000000000,4.0,"Card",1.200000000000
"2021-09-01T15:30:16.000000Z",1.0,1.900000000000,8.5,"Card",1.85
"2021-09-01T15:30:16.000000Z",2.0,2.280000000000,11.5,"Cash",0.0
"2021-09-01T15:30:16.000000Z",1.0,0.700000000000,5.0,"Card",1.700000000000
"2021-09-01T15:30:17.000000Z",1.0,6.100000000000,22.5,"Cash",0.0
"2021-09-01T15:30:17.000000Z",1.0,12.3,41.5,"Card",9.600000000000
"2021-09-01T15:30:17.000000Z",1.0,0.3,3.5,"Card",0.85
"2021-09-01T15:30:17.000000Z",6.0,1.31,7.0,"Cash",0.0
"2021-09-01T15:30:17.000000Z",1.0,0.8,5.5,"Cash",0.0
"2021-09-01T15:30:18.000000Z",1.0,1.03,8.0,"Card",1.5
"2021-09-01T15:30:18.000000Z",1.0,10.06,33.0,"Card",9.89
"2021-09-01T15:30:18.000000Z",5.0,5.16,21.0,"Card",4.36
"2021-09-01T15:30:18.000000Z",1.0,1.7,8.0,"Card",2.2
"2021-09-01T15:30:18.000000Z",1.0,15.6,52.0,"Card",4.0
"2021-09-01T15:30:18.000000Z",1.0,0.68,6.5,"Cash",0.0
"2021-09-01T15:30:18.000000Z",1.0,2.6,14.0,"Card",3.7
"2021-09-01T15:30:19.000000Z",1.0,0.77,6.0,"Cash",0.0
"2021-09-01T15:30:19.000000Z",1.0,1.82,10.5,"Cash",0.0
"2021-09-01T15:30:19.000000Z",2.0,1.150000000000,7.0,"Cash",0.0
"2021-09-01T15:30:19.000000Z",1.0,0.4,4.0,"Card",1.400000000000
"2021-09-01T15:30:19.000000Z",1.0,0.8,6.0,"Card",2.0
"2021-09-01T15:30:20.000000Z",5.0,1.25,7.5,"Card",1.660000000000
"2021-09-01T15:30:20.000000Z",2.0,0.6,5.0,"Cash",0.0
"2021-09-01T15:30:20.000000Z",1.0,1.0,6.0,"Card",1.35
"2021-09-01T15:30:20.000000Z",1.0,10.6,38.0,"Card",7.95
"2021-09-01T15:30:21.000000Z",1.0,1.02,71.0,"Card",17.82
"2021-09-01T15:30:21.000000Z",1.0,3.15,13.0,"Cash",0.0
"2021-09-01T15:30:21.000000Z",1.0,7.9,24.5,"Card",5.05
"2021-09-01T15:30:21.000000Z",1.0,1.900000000000,11.5,"Card",2.45
"2021-09-01T15:30:21.000000Z",1.0,1.31,9.0,"Card",1.96
"2021-09-01T15:30:21.000000Z",1.0,1.7,10.0,"Cash",0.0
"2021-09-01T15:30:22.000000Z",5.0,0.98,6.5,"Card",1.46
"2021-09-01T15:30:22.000000Z",1.0,7.4,30.0,"Card",6.350000000000
"2021-09-01T15:30:22.000000Z",1.0,0.9,6.0,"Card",1.35
"2021-09-01T15:30:22.000000Z",1.0,0.74,5.5,"Cash",0.0
"2021-09-01T15:30:22.000000Z",2.0,2.300000000000,14.5,"Card",1.0
"2021-09-01T15:30:22.000000Z",3.0,2.29,15.5,"Cash",0.0
"2021-09-01T15:30:23.000000Z",1.0,0.6,4.5,"Card",0.700000000000
"2021-09-01T15:30:23.000000Z",1.0,20.3,52.0,"Cash",0.0
"2021-09-01T15:30:23.000000Z",2.0,1.1,9.5,"Card",2.550000000000
"2021-09-01T15:30:23.000000Z",1.0,0.4,4.0,"Card",0.950000000000
"2021-09-01T15:30:23.000000Z",1.0,1.1,6.5,"Card",1.45
"2021-09-01T15:30:23.000000Z",1.0,2.0,11.5,"Card",2.0
"2021-09-01T15:30:23.000000Z",1.0,17.78,52.0,"Card",11.71
"2021-09-01T15:30:24.000000Z",1.0,1.48,10.5,"Card",2.260000000000
"2021-09-01T15:30:24.000000Z",1.0,4.2,15.5,"Card",3.25
"2021-09-01T15:30:24.000000Z",1.0,3.300000000000,16.0,"Card",1.0
"2021-09-01T15:30:24.000000Z",1.0,1.5,10.5,"Card",2.260000000000
"2021-09-01T15:30:24.000000Z",1.0,4.17,14.0,"Cash",0.0
"2021-09-01T15:30:24.000000Z",1.0,0.700000000000,5.0,"Card",1.150000000000
"2021-09-01T15:30:25.000000Z",1.0,1.57,10.0,"Card",0.0
"2021-09-01T15:30:25.000000Z",1.0,0.8,52.0,"No Charge",0.0
"2021-09-01T15:30:25.000000Z",1.0,2.800000000000,15.0,"Card",3.15
"2021-09-01T15:30:25.000000Z",1.0,0.87,5.0,"Card",1.0
"2021-09-01T15:30:25.000000Z",1.0,1.3,9.5,"Card",2.05
"2021-09-01T15:30:26.000000Z",1.0,1.7,9.0,"Card",1.96
"2021-09-01T15:30:26.000000Z",3.0,9.1,32.0,"Card",3.0
"2021-09-01T15:30:26.000000Z",1.0,0.700000000000,6.0,"Card",1.0
"2021-09-01T15:30:26.000000Z",1.0,1.2,9.5,"Card",1.0
"2021-09-01T15:30:26.000000Z",0.0,0.9,7.0,"Card",1.55
"2021-09-01T15:30:26.000000Z",1.0,0.5,6.5,"Cash",0.0
"2021-09-01T15:30:27.000000Z",1.0,2.0,9.0,"Card",1.0
"2021-09-01T15:30:27.000000Z",6.0,2.62,14.5,"Card",0.0
"2021-09-01T15:30:27.000000Z",1.0,0.6,4.5,"Cash",0.0
"2021-09-01T15:30:28.000000Z",1.0,2.5,12.0,"Card",2.0
"2021-09-01T15:30:28.000000Z",1.0,1.1,6.0,"Card",1.35
"2021-09-01T15:30:28.000000Z",1.0,8.9,36.0,"Card",6.0
"2021-09-01T15:30:28.000000Z",5.0,1.94,10.0,"Cash",0.0
"2021-09-01T15:30:28.000000Z",2.0,15.8,64.5,"Card",21.200000000000
"2021-09-01T15:30:29.000000Z",1.0,1.41,6.5,"Cash",0.0
"2021-09-01T15:30:29.000000Z",2.0,1.3,8.0,"Card",1.75
"2021-09-01T15:30:29.000000Z",1.0,2.300000000000,9.5,"Card",1.03
"2021-09-01T15:30:29.000000Z",1.0,18.41,52.0,"Card",14.64
"2021-09-01T15:30:29.000000Z",1.0,0.99,7.0,"Card",1.56
"2021-09-01T15:30:29.000000Z",1.0,3.2,13.5,"Cash",0.0
"2021-09-01T15:30:29.000000Z",6.0,1.2,8.0,"Card",1.76
"2021-09-01T15:30:30.000000Z",1.0,0.700000000000,6.0,"Card",1.0
"2021-09-01T15:30:30.000000Z",1.0,0.3,3.5,"Card",0.5
"2021-09-01T15:30:31.000000Z",1.0,1.140000000000,7.5,"Cash",0.0
"2021-09-01T15:30:31.000000Z",1.0,0.76,7.0,"Card",3.0
"2021-09-01T15:30:31.000000Z",2.0,0.96,9.5,"Card",2.06
"2021-09-01T15:30:31.000000Z",1.0,0.81,6.0,"Cash",0.0
"2021-09-01T15:30:31.000000Z",1.0,1.2,8.5,"Card",1.85
"2021-09-01T15:30:31.000000Z",1.0,2.5,12.0,"Card",3.2
"2021-09-01T15:30:31.000000Z",1.0,1.3,9.0,"Card",1.0
"2021-09-01T15:30:31.000000Z",1.0,18.37,73.0,"Cash",0.0
"2021-09-01T15:30:31.000000Z",1.0,0.9,6.5,"Card",0.700000000000
"2021-09-01T15:30:32.000000Z",1.0,0.700000000000,5.5,"Card",1.200000000000
"2021-09-01T15:30:32.000000Z",1.0,1.74,9.0,"Cash",0.0
"2021-09-01T15:30:32.000000Z",5.0,2.41,13.0,"Card",2.760000000000
"2021-09-01T15:30:32.000000Z",2.0,1.8,10.0,"Card",3.2
"2021-09-01T15:30:32.000000Z",1.0,5.0,23.5,"Cash",0.0
"2021-09-01T15:30:32.000000Z",1.0,1.1,6.5,"Card",1.650000000000
"2021-09-01T15:30:32.000000Z",5.0,1.31,8.5,"Cash",0.0
"2021-09-01T15:30:32.000000Z",1.0,2.2,11.0,"Card",2.0
"2021-09-01T15:30:32.000000Z",1.0,2.64,13.0,"Card",2.760000000000
"2021-09-01T15:30:32.000000Z",1.0,1.6,7.5,"Card",1.650000000000
"2021-09-01T15:30:32.000000Z",1.0,0.9,2.5,"No Charge",0.0
"2021-09-01T15:30:32.000000Z",6.0,1.23,6.5,"Card",1.46
"2021-09-01T15:30:33.000000Z",1.0,1.0,7.5,"Card",2.05
"2021-09-01T15:30:33.000000Z",2.0,8.700000000000,33.0,"Cash",0.0
"2021-09-01T15:30:33.000000Z",1.0,1.900000000000,12.5,"Card",2.0
"2021-09-01T15:30:33.000000Z",1.0,1.33,6.5,"Card",1.46
"2021-09-01T15:30:33.000000Z",1.0,1.1,7.0,"Card",1.95
"2021-09-01T15:30:33.000000Z",1.0,0.830000000000,7.0,"Card",1.56
"2021-09-01T15:30:34.000000Z",1.0,0.4,8.5,"Card",1.85
"2021-09-01T15:30:34.000000Z",1.0,1.0,7.5,"Card",1.700000000000
"2021-09-01T15:30:34.000000Z",1.0,1.0,5.5,"Card",1.25
"2021-09-01T15:30:35.000000Z",1.0,0.9,5.0,"Card",1.16
"2021-09-01T15:30:35.000000Z",1.0,0.73,5.0,"Card",1.45
"2021-09-01T15:30:35.000000Z",1.0,9.0,35.0,"Card",8.3
"2021-09-01T15:30:35.000000Z",1.0,2.7,14.0,"Card",2.95
"2021-09-01T15:30:36.000000Z",1.0,2.2,12.5,"Cash",0.0
"2021-09-01T15:30:36.000000Z",1.0,1.6,8.0,"Card",1.75
"2021-09-01T15:30:36.000000Z",1.0,1.150000000000,8.5,"Cash",0.0
"2021-09-01T15:30:36.000000Z",1.0,11.3,35.0,"Card",10.35
"2021-09-01T15:30:36.000000Z",1.0,2.260000000000,14.5,"Card",3.06
"2021-09-01T15:30:36.000000Z",5.0,1.400000000000,8.5,"Card",1.0
"2021-09-01T15:30:36.000000Z",1.0,14.3,42.0,"Card",5.0
"2021-09-01T15:30:36.000000Z",1.0,4.4,22.5,"Card",4.66
"2021-09-01T15:30:36.000000Z",1.0,1.0,7.5,"Card",1.650000000000
"2021-09-01T15:30:36.000000Z",1.0,2.6,10.0,"Card",2.15
"2021-09-01T15:30:37.000000Z",1.0,0.27,3.5,"Cash",0.0
"2021-09-01T15:30:37.000000Z",1.0,1.5,9.0,"Card",2.900000000000
"2021-09-01T15:30:37.000000Z",1.0,7.100000000000,32.5,"Card",5.0
"2021-09-01T15:30:37.000000Z",1.0,1.8,9.5,"Card",2.0
"2021-09-01T15:30:37.000000Z",1.0,1.09,6.5,"Cash",0.0
"2021-09-01T15:30:37.000000Z",1.0,1.44,8.0,"Card",2.2
"2021-09-01T15:30:37.000000Z",1.0,0.700000000000,5.0,"Cash",0.0
"2021-09-01T15:30:37.000000Z",2.0,1.94,10.0,"Card",2.7
"2021-09-01T15:30:38.000000Z",1.0,3.7,16.0,"Card",1.5
"2021-09-01T15:30:38.000000Z",0.0,0.6,5.0,"Card",1.150000000000
"2021-09-01T15:30:38.000000Z",1.0,7.32,27.5,"Card",0.0
"2021-09-01T15:30:38.000000Z",1.0,1.6,9.5,"Card",2.05
"2021-09-01T15:30:39.000000Z",1.0,6.22,20.5,"Card",0.0
"2021-09-01T15:30:39.000000Z",1.0,1.21,7.5,"Card",1.660000000000
"2021-09-01T15:30:39.000000Z",1.0,1.6,10.0,"Card",2.7
"2021-09-01T15:30:39.000000Z",1.0,0.81,5.5,"Card",1.26
"2021-09-01T15:30:39.000000Z",2.0,0.9,6.0,"Card",1.35
"2021-09-01T15:30:39.000000Z",3.0,1.5,8.0,"Card",2.6
"2021-09-01T15:30:39.000000Z",1.0,0.77,6.0,"Card",1.36
"2021-09-01T15:30:39.000000Z",1.0,4.97,22.5,"Card",5.82
"2021-09-01T15:30:39.000000Z",1.0,1.6,7.5,"Card",1.0
"2021-09-01T15:30:40.000000Z",1.0,1.45,7.0,"Card",0.0
"2021-09-01T15:30:40.000000Z",1.0,0.42,4.0,"Cash",0.0
"2021-09-01T15:30:40.000000Z",1.0,1.0,6.5,"Cash",0.0
"2021-09-01T15:30:40.000000Z",1.0,1.06,6.5,"Card",1.46
"2021-09-01T15:30:40.000000Z",1.0,1.2,6.5,"Cash",0.0
"2021-09-01T15:30:40.000000Z",1.0,1.1,7.0,"Cash",0.0
"2021-09-01T15:30:40.000000Z",1.0,0.6,4.5,"Card",1.06
"2021-09-01T15:30:41.000000Z",1.0,22.23,52.0,"Card",7.770000000000
"2021-09-01T15:30:41.000000Z",6.0,2.61,15.5,"Card",4.08
"2021-09-01T15:30:42.000000Z",1.0,3.9,16.0,"Card",5.04
"2021-09-01T15:30:42.000000Z",1.0,2.1,13.5,"Card",2.85
"2021-09-01T15:30:42.000000Z",1.0,10.1,36.0,"Cash",0.0
"2021-09-01T15:30:42.000000Z",1.0,1.130000000000,6.5,"Cash",0.0
"2021-09-01T15:30:42.000000Z",3.0,6.4,20.5,"Card",4.25
"2021-09-01T15:30:43.000000Z",1.0,0.66,5.0,"Card",1.45
"2021-09-01T15:30:43.000000Z",1.0,6.57,27.0,"Card",0.0
"2021-09-01T15:30:43.000000Z",1.0,3.12,15.5,"Card",3.260000000000
"2021-09-01T15:30:43.000000Z",5.0,0.54,4.5,"Card",1.06
"2021-09-01T15:30:43.000000Z",1.0,18.39,76.0,"Cash",0.0
"2021-09-01T15:30:43.000000Z",1.0,1.3,7.5,"Card",1.25
"2021-09-01T15:30:43.000000Z",2.0,18.22,52.0,"Card",10.56
"2021-09-01T15:30:44.000000Z",2.0,0.6,6.0,"Card",2.0
"2021-09-01T15:30:44.000000Z",1.0,4.5,21.5,"Card",3.35
"2021-09-01T15:30:44.000000Z",1.0,1.7,11.0,"Card",2.35
"2021-09-01T15:30:45.000000Z",1.0,0.4,6.0,"Card",1.35
"2021-09-01T15:30:45.000000Z",1.0,0.49,5.0,"Cash",0.0
"2021-09-01T15:30:45.000000Z",1.0,3.96,16.0,"Card",2.0
"2021-09-01T15:30:45.000000Z",1.0,4.57,20.0,"Cash",0.0
"2021-09-01T15:30:45.000000Z",1.0,1.910000000000,12.0,"Card",2.56
"2021-09-01T15:30:45.000000Z",1.0,1.7,10.0,"Card",2.15
"2021-09-01T15:30:45.000000Z",1.0,10.9,32.5,"Cash",0.0
"2021-09-01T15:30:45.000000Z",3.0,1.8,13.5,"Card",2.85
"2021-09-01T15:30:45.000000Z",1.0,1.19,8.0,"Card",2.64
"2021-09-01T15:30:46.000000Z",2.0,2.83,14.0,"Card",3.7
